"X","Y","month","day","FFMC","DMC","DC","ISI","temp","RH","wind","rain","area"
0.75,0.428571428571429,"mar","fri",0.870967741935484,0.0864920744314266,0.101325202298581,0.0909090909090909,0.192926045016077,0.423529411764706,0.7,0,0
0.75,0.285714285714286,"oct","tue",0.927741935483871,0.118194348725017,0.775419256479418,0.119429590017825,0.508038585209003,0.211764705882353,0.0555555555555556,0,0
0.75,0.285714285714286,"oct","sat",0.927741935483871,0.146795313576844,0.796294124545561,0.119429590017825,0.398713826366559,0.211764705882353,0.1,0,0
0.875,0.571428571428571,"mar","fri",0.941935483870968,0.110957960027567,0.0816230796294124,0.160427807486631,0.196141479099678,0.964705882352941,0.4,0.03125,0
0.875,0.571428571428571,"mar","sun",0.910967741935484,0.172984148862853,0.110589890934678,0.171122994652406,0.295819935691318,0.988235294117647,0.155555555555556,0,0
0.875,0.571428571428571,"aug","sun",0.949677419354839,0.290144727773949,0.56303506508737,0.262032085561497,0.643086816720257,0.164705882352941,0.555555555555556,0,0
0.875,0.571428571428571,"aug","mon",0.949677419354839,0.302549965541006,0.571947930104374,0.151515151515152,0.704180064308682,0.141176470588235,0.3,0,0
0.875,0.571428571428571,"aug","mon",0.939354838709677,0.49724328049621,0.703999061803682,0.190730837789661,0.186495176848875,0.835294117647059,0.2,0,0
0.875,0.571428571428571,"sep","tue",0.932903225806452,0.442453480358374,0.802978773308315,0.124777183600713,0.35048231511254,0.564705882352941,0.555555555555556,0,0
0.75,0.428571428571429,"sep","sat",0.952258064516129,0.299448656099242,0.810015245690161,0.126559714795009,0.662379421221865,0.294117647058824,0.4,0,0
0.75,0.428571428571429,"sep","sat",0.952258064516129,0.299448656099242,0.810015245690161,0.126559714795009,0.501607717041801,0.423529411764706,0.755555555555556,0,0
0.75,0.428571428571429,"sep","sat",0.956129032258064,0.248449345279118,0.826902779406591,0.402852049910873,0.54983922829582,0.270588235294118,0.4,0,0
0.625,0.428571428571429,"aug","fri",0.578064516129032,0.240179186767746,0.770962823970916,0.0142602495543672,0.47588424437299,0.670588235294118,0.7,0,0
0.625,0.428571428571429,"sep","mon",0.931612903225806,0.432115782219159,0.795825026386771,0.124777183600713,0.614147909967846,0.317647058823529,0.2,0,0
0.625,0.428571428571429,"sep","wed",0.95741935483871,0.455547898001378,0.811187991087135,0.163992869875223,0.778135048231511,0.0705882352941176,0.455555555555555,0,0
0.625,0.428571428571429,"sep","fri",0.96258064516129,0.482770503101309,0.827958250263868,0.24777183600713,0.665594855305466,0.341176470588235,0.555555555555556,0,0
0.5,0.428571428571429,"mar","sat",0.941935483870968,0.119572708476912,0.0854931394394277,0.13903743315508,0.414790996784566,0.141176470588235,0.555555555555556,0,0
0.875,0.428571428571429,"oct","mon",0.854193548387097,0.109235010337698,0.769672804034244,0.053475935828877,0.466237942122186,0.376470588235294,0.5,0,0
0.625,0.285714285714286,"mar","wed",0.909677419354839,0.0923501033769814,0.0737656854696845,0.112299465240642,0.440514469453376,0.235294117647059,0.4,0,0
0.625,0.285714285714286,"apr","sat",0.872258064516129,0.0906271536871123,0.104608889410109,0.0909090909090909,0.228295819935691,0.341176470588235,0.455555555555555,0,0
0.625,0.285714285714286,"sep","tue",0.932903225806452,0.442453480358374,0.802978773308315,0.124777183600713,0.517684887459807,0.294117647058824,0.255555555555556,0,0
0.5,0.285714285714286,"sep","mon",0.943225806451613,0.26671261199173,0.840154802392401,0.163992869875223,0.543408360128617,0.270588235294118,0.255555555555556,0,0
0.75,0.285714285714286,"jun","sun",0.975483870967742,0.328049620951068,0.225284390758766,1,0.604501607717042,0.341176470588235,0.455555555555555,0,0
0.75,0.285714285714286,"aug","sat",0.92258064516129,0.378359751895245,0.620968687697901,0.110516934046346,0.556270096463023,0.329411764705882,0.6,0,0
0.75,0.285714285714286,"aug","sat",0.965161290322581,0.476567884217781,0.687580626246042,0.361853832442068,0.691318327974277,0.2,0.6,0,0
0.75,0.285714285714286,"aug","sun",0.938064516129032,0.486905582356995,0.696024393104257,0.188948306595365,0.453376205787781,0.529411764705882,0.555555555555556,0,0
0.75,0.285714285714286,"sep","fri",0.950967741935484,0.402481047553412,0.774129236542747,0.2174688057041,0.540192926045016,0.223529411764706,0.6,0,0
0.75,0.285714285714286,"sep","mon",0.931612903225806,0.432115782219159,0.795825026386771,0.124777183600713,0.553054662379421,0.388235294117647,0.1,0,0
0.625,0.142857142857143,"sep","sat",0.963870967741935,0.49724328049621,0.836753840741175,0.144385026737968,0.90032154340836,0.105882352941176,0.255555555555556,0,0
0.625,0.142857142857143,"sep","sun",0.965161290322581,0.510682288077188,0.84519760759939,0.144385026737968,0.662379421221865,0.282352941176471,0.355555555555556,0,0
0.625,0.142857142857143,"sep","fri",0.975483870967742,0.289455547898001,0.802626949689222,0.283422459893048,0.745980707395498,0.105882352941176,0.355555555555556,0,0
0.625,0.142857142857143,"sep","mon",0.901935483870968,0.312543073742247,0.82326726867597,0.126559714795009,0.289389067524116,0.741176470588235,0.8,0,0
0.625,0.142857142857143,"sep","fri",0.901935483870968,0.236388697450034,0.81963175794535,0.103386809269162,0.591639871382637,0.258823529411765,0.155555555555556,0,0
0.625,0.142857142857143,"sep","sun",0.941935483870968,0.256719503790489,0.833118330010555,0.13903743315508,0.498392282958199,0.282352941176471,0.355555555555556,0,0
0.625,0.142857142857143,"sep","mon",0.943225806451613,0.26671261199173,0.840154802392401,0.163992869875223,0.610932475884244,0.2,0.255555555555556,0,0
0.625,0.142857142857143,"sep","tue",0.923870967741935,0.274293590627154,0.847074000234549,0.112299465240642,0.514469453376206,0.552941176470588,0.455555555555555,0,0
0.625,0.142857142857143,"oct","tue",0.927741935483871,0.118194348725017,0.775419256479418,0.119429590017825,0.627009646302251,0.105882352941176,0.455555555555555,0,0
0.75,0.285714285714286,"oct","fri",0.92,0.13921433494142,0.791251319338572,0.155080213903743,0.292604501607717,0.529411764705882,0.555555555555556,0,0
0.75,0.142857142857143,"oct","sat",0.927741935483871,0.146795313576844,0.796294124545561,0.119429590017825,0.501607717041801,0.141176470588235,0.4,0,0
0.375,0.285714285714286,"mar","tue",0.895483870967742,0.0847691247415575,0.0700129001993667,0.0677361853832442,0.382636655948553,0.329411764705882,0.255555555555556,0,0
0.375,0.285714285714286,"jul","tue",0.784516129032258,0.205031013094418,0.420781048434385,0.0267379679144385,0.678456591639871,0.258823529411765,0.3,0,0
0.375,0.285714285714286,"aug","sat",0.92258064516129,0.330117160578911,0.722762988155272,0.158645276292335,0.520900321543408,0.317647058823529,0.7,0,0
0.375,0.285714285714286,"aug","tue",0.981935483870968,0.369400413507926,0.749618857745983,0.303030303030303,0.463022508038585,0.458823529411765,0.555555555555556,0,0
0.375,0.285714285714286,"sep","sat",0.952258064516129,0.299448656099242,0.810015245690161,0.126559714795009,0.559485530546624,0.388235294117647,0.255555555555556,0,0
0.375,0.285714285714286,"sep","wed",0.921290322580645,0.281874569262578,0.853524099917908,0.110516934046346,0.344051446945338,0.694117647058824,0.5,0,0
0.5,0.571428571428571,"sep","wed",0.975483870967742,0.289455547898001,0.802626949689222,0.283422459893048,0.762057877813505,0.105882352941176,0.4,0,0
0.5,0.571428571428571,"sep","mon",0.931612903225806,0.432115782219159,0.795825026386771,0.124777183600713,0.401929260450161,0.647058823529412,0.355555555555556,0,0
0.625,0.571428571428571,"jul","mon",0.974193548387097,0.210889042039972,0.510144247683828,0.196078431372549,0.668810289389068,0.247058823529412,0.3,0,0
0.375,0.285714285714286,"mar","mon",0.883870967741936,0.0785665058580289,0.0666119385481412,0.0730837789661319,0.308681672025724,0.235294117647059,0.155555555555556,0,0
0.375,0.285714285714286,"mar","mon",0.889032258064516,0.176085458304618,0.112466283569837,0.089126559714795,0.282958199356913,0.364705882352941,0.6,0,0
0.375,0.285714285714286,"sep","thu",0.95741935483871,0.468297725706409,0.81916265978656,0.163992869875223,0.598070739549839,0.0235294117647059,0.1,0,0
0.375,0.142857142857143,"aug","sun",0.92258064516129,0.339421088904204,0.730972205934092,0.112299465240642,0.620578778135048,0.223529411764706,0.2,0,0
0.375,0.142857142857143,"aug","wed",0.947096774193548,0.379393521709166,0.757828075524804,0.171122994652406,0.585209003215434,0.317647058823529,0.5,0,0
0.375,0.142857142857143,"aug","wed",0.947096774193548,0.379393521709166,0.757828075524804,0.171122994652406,0.585209003215434,0.317647058823529,0.5,0,0
0.375,0.142857142857143,"aug","thu",0.941935483870968,0.390075809786354,0.766271842383019,0.112299465240642,0.495176848874598,0.352941176470588,0.355555555555556,0,0
0.375,0.142857142857143,"sep","thu",0.95741935483871,0.468297725706409,0.81916265978656,0.163992869875223,0.819935691318328,0.105882352941176,0.2,0,0
0.375,0.142857142857143,"sep","tue",0.923870967741935,0.274293590627154,0.847074000234549,0.112299465240642,0.501607717041801,0.564705882352941,0.5,0,0
0.375,0.142857142857143,"oct","sun",0.953548387096774,0.15644383184011,0.802040576990735,0.156862745098039,0.372990353697749,0.411764705882353,0.255555555555556,0,0
0.125,0,"feb","mon",0.84258064516129,0.0282563749138525,0.0306086548610297,0.0374331550802139,0.37620578778135,0.294117647058824,0.555555555555556,0,0
0.125,0,"feb","fri",0.876129032258064,0.0416953824948312,0.0411633634337985,0.0944741532976827,0.32475884244373,0.423529411764706,0.0555555555555556,0,0
0.125,0,"mar","sun",0.910967741935484,0.172984148862853,0.110589890934678,0.171122994652406,0.29903536977492,0.282352941176471,0.6,0,0
0.125,0,"mar","sun",0.910967741935484,0.172984148862853,0.110589890934678,0.171122994652406,0.106109324758842,0.517647058823529,0.655555555555555,0,0
0.125,0,"aug","thu",0.958709677419355,0.255685733976568,0.537938313592119,0.137254901960784,0.533762057877814,0.235294117647059,0.5,0,0
0.125,0,"aug","sun",0.92258064516129,0.339421088904204,0.730972205934092,0.112299465240642,0.598070739549839,0.211764705882353,0.255555555555556,0,0
0.125,0,"aug","mon",0.934193548387097,0.351826326671261,0.739885070951096,0.103386809269162,0.672025723472669,0.188235294117647,0.3,0,0
0.125,0,"aug","thu",0.941935483870968,0.390075809786354,0.766271842383019,0.112299465240642,0.527331189710611,0.341176470588235,0.455555555555555,0,0
0.125,0,"sep","fri",0.950967741935484,0.402481047553412,0.774129236542747,0.2174688057041,0.668810289389068,0.258823529411765,0.455555555555555,0,0
0.125,0,"sep","fri",0.950967741935484,0.402481047553412,0.774129236542747,0.2174688057041,0.559485530546624,0.211764705882353,0.555555555555556,0,0
0.125,0,"sep","fri",0.950967741935484,0.402481047553412,0.774129236542747,0.2174688057041,0.559485530546624,0.211764705882353,0.655555555555555,0,0
0.375,0.428571428571429,"mar","fri",0.941935483870968,0.110957960027567,0.0816230796294124,0.160427807486631,0.482315112540193,0.129411764705882,0.455555555555555,0,0
0.375,0.428571428571429,"mar","fri",0.935483870967742,0.162646450723639,0.105429811187991,0.222816399286988,0.437299035369775,0.141176470588235,0.8,0,0
0.375,0.428571428571429,"sep","fri",0.975483870967742,0.289455547898001,0.802626949689222,0.283422459893048,0.498392282958199,0.258823529411765,0.355555555555556,0,0
0.5,0.285714285714286,"mar","fri",0.941935483870968,0.110957960027567,0.0816230796294124,0.160427807486631,0.430868167202572,0.117647058823529,0.655555555555555,0,0
0.5,0.285714285714286,"aug","tue",0.904516129032258,0.503790489317712,0.711387357804621,0.160427807486631,0.485530546623794,0.329411764705882,0.455555555555555,0,0
0.5,0.285714285714286,"sep","fri",0.96258064516129,0.482770503101309,0.827958250263868,0.24777183600713,0.816720257234727,0.176470588235294,0.1,0,0
1,1,"feb","thu",0.845161290322581,0.0196416264645072,0.0219303389234197,0.137254901960784,0.144694533762058,0.752941176470588,0.3,0,0
1,1,"feb","fri",0.876129032258064,0.0416953824948312,0.0411633634337985,0.0944741532976827,0.434083601286174,0.329411764705882,0.3,0,0
0,0.142857142857143,"mar","mon",0.889032258064516,0.176085458304618,0.112466283569837,0.089126559714795,0.196141479099678,0.670588235294118,0.3,0,0
0,0,"aug","fri",0.921290322580645,0.368366643694004,0.612055822680896,0.222816399286988,0.401929260450161,0.6,0.255555555555556,0,0
0,0,"aug","tue",0.932903225806452,0.413852515506547,0.649349126304679,0.124777183600713,0.62379421221865,0.0470588235294118,0.7,0,0
0,0,"aug","sun",0.938064516129032,0.486905582356995,0.696024393104257,0.188948306595365,0.556270096463023,0.282352941176471,0.655555555555555,0,0
0,0,"aug","sun",0.92258064516129,0.339421088904204,0.730972205934092,0.112299465240642,0.504823151125402,0.341176470588235,0.2,0,0
0,0,"aug","tue",0.981935483870968,0.369400413507926,0.749618857745983,0.303030303030303,0.527331189710611,0.423529411764706,0.455555555555555,0,0
0,0,"aug","wed",0.947096774193548,0.379393521709166,0.757828075524804,0.171122994652406,0.463022508038585,0.376470588235294,0.0555555555555556,0,0
0,0,"aug","thu",0.941935483870968,0.390075809786354,0.766271842383019,0.112299465240642,0.578778135048232,0.352941176470588,0.355555555555556,0,0
0,0,"sep","thu",0.95741935483871,0.468297725706409,0.81916265978656,0.163992869875223,0.620578778135048,0,0.0555555555555556,0,0
0,0,"sep","thu",0.95741935483871,0.468297725706409,0.81916265978656,0.163992869875223,0.745980707395498,0.141176470588235,0.2,0,0
0,0,"sep","thu",0.95741935483871,0.468297725706409,0.81916265978656,0.163992869875223,0.64951768488746,0.223529411764706,0.2,0,0
0,0,"sep","sun",0.965161290322581,0.510682288077188,0.84519760759939,0.144385026737968,0.742765273311897,0.247058823529412,0.355555555555556,0,0
0.625,0.428571428571429,"mar","sat",0.941935483870968,0.119572708476912,0.0854931394394277,0.13903743315508,0.488745980707395,0.117647058823529,0.5,0,0
0.625,0.428571428571429,"aug","sat",0.92258064516129,0.330117160578911,0.722762988155272,0.158645276292335,0.401929260450161,0.517647058823529,0.6,0,0
0.875,0.571428571428571,"mar","fri",0.941935483870968,0.119572708476912,0.0854931394394277,0.13903743315508,0.488745980707395,0.105882352941176,0.555555555555556,0,0
0.875,0.571428571428571,"aug","sun",0.949677419354839,0.290144727773949,0.56303506508737,0.262032085561497,0.598070739549839,0.2,0.655555555555555,0,0
0.875,0.571428571428571,"aug","sun",0.938064516129032,0.486905582356995,0.696024393104257,0.188948306595365,0.514469453376206,0.329411764705882,0.5,0,0
0.875,0.571428571428571,"aug","mon",0.934193548387097,0.351826326671261,0.739885070951096,0.103386809269162,0.681672025723473,0.0823529411764706,0.255555555555556,0,0
0.375,0.285714285714286,"sep","sun",0.916129032258065,0.306340454858718,0.816817168992612,0.0855614973262032,0.501607717041801,0.576470588235294,0.1,0,0
0.25,0.285714285714286,"feb","sat",0.841290322580645,0.023776705720193,0.0261522223525273,0.0463458110516934,0.337620578778135,0.388235294117647,0.155555555555556,0,0
0.25,0.285714285714286,"mar","sat",0.649032258064516,0.00447966919365954,0.00891286501700481,0.0124777183600713,0.488745980707395,0.105882352941176,0.555555555555556,0,0
0.25,0.285714285714286,"aug","sun",0.938064516129032,0.486905582356995,0.696024393104257,0.188948306595365,0.302250803858521,0.847058823529412,0.455555555555555,0,0
0.25,0.285714285714286,"aug","sun",0.938064516129032,0.486905582356995,0.696024393104257,0.188948306595365,0.565916398713826,0.282352941176471,0.555555555555556,0,0
0.25,0.285714285714286,"aug","sun",0.938064516129032,0.486905582356995,0.696024393104257,0.188948306595365,0.565916398713826,0.282352941176471,0.555555555555556,0,0
0.25,0.285714285714286,"aug","tue",0.904516129032258,0.503790489317712,0.711387357804621,0.160427807486631,0.392282958199357,0.6,0.555555555555556,0,0
0.125,0.285714285714286,"aug","tue",0.981935483870968,0.369400413507926,0.749618857745983,0.303030303030303,0.57556270096463,0.294117647058824,0.4,0,0
0.125,0.285714285714286,"sep","sat",0.952258064516129,0.413507925568573,0.781634807083382,0.153297682709447,0.704180064308682,0.164705882352941,0.455555555555555,0,0
0.125,0.285714285714286,"jan","sat",0.818064516129032,0.00895933838731909,0.00164184355576404,0.0516934046345811,0.0996784565916399,0.741176470588235,0.3,0,0
0.375,0.428571428571429,"mar","fri",0.867096774193548,0.0634045485871813,0.0579336226105312,0.0499108734402852,0.337620578778135,0.435294117647059,0.655555555555555,0,0
0.375,0.428571428571429,"mar","thu",0.938064516129032,0.101998621640248,0.0778702943590946,0.133689839572193,0.514469453376206,0.164705882352941,0.3,0,0
0.375,0.428571428571429,"aug","sun",0.92258064516129,0.339421088904204,0.730972205934092,0.112299465240642,0.617363344051447,0.211764705882353,0.3,0,0
0.375,0.428571428571429,"sep","sat",0.952258064516129,0.299448656099242,0.810015245690161,0.126559714795009,0.581993569131833,0.352941176470588,0.3,0,0
0.375,0.428571428571429,"sep","mon",0.901935483870968,0.312543073742247,0.82326726867597,0.126559714795009,0.488745980707395,0.482352941176471,0.555555555555556,0,0
0.375,0.285714285714286,"mar","fri",0.867096774193548,0.0634045485871813,0.0579336226105312,0.0499108734402852,0.369774919614148,0.329411764705882,0.6,0,0
0.25,0.285714285714286,"mar","fri",0.941935483870968,0.110957960027567,0.0816230796294124,0.160427807486631,0.533762057877814,0.0352941176470588,0.455555555555555,0,0
0.25,0.285714285714286,"sep","sun",0.916129032258065,0.306340454858718,0.816817168992612,0.0855614973262032,0.662379421221865,0.282352941176471,0.355555555555556,0,0
0.25,0.285714285714286,"sep","mon",0.943225806451613,0.26671261199173,0.840154802392401,0.163992869875223,0.536977491961415,0.235294117647059,0.255555555555556,0,0
0.25,0.285714285714286,"mar","tue",0.895483870967742,0.0847691247415575,0.0700129001993667,0.0677361853832442,0.437299035369775,0.141176470588235,0.8,0,0
0.25,0.428571428571429,"mar","tue",0.895483870967742,0.0847691247415575,0.0700129001993667,0.0677361853832442,0.427652733118971,0.141176470588235,0.655555555555555,0,0
0.25,0.285714285714286,"mar","sat",0.941935483870968,0.119572708476912,0.0854931394394277,0.13903743315508,0.302250803858521,0.176470588235294,0.655555555555555,0,0
0.25,0.285714285714286,"mar","sat",0.941935483870968,0.119572708476912,0.0854931394394277,0.13903743315508,0.418006430868167,0.141176470588235,0.5,0,0
0.25,0.285714285714286,"mar","mon",0.921290322580645,0.133011716057891,0.0922950627418787,0.110516934046346,0.270096463022508,0.176470588235294,0.4,0,0
0.25,0.285714285714286,"aug","thu",0.958709677419355,0.255685733976568,0.537938313592119,0.137254901960784,0.559485530546624,0.247058823529412,0.3,0,0
0.25,0.285714285714286,"aug","mon",0.939354838709677,0.49724328049621,0.703999061803682,0.190730837789661,0.260450160771704,0.694117647058824,0.2,0,0
0.25,0.285714285714286,"aug","mon",0.939354838709677,0.49724328049621,0.703999061803682,0.190730837789661,0.479099678456592,0.329411764705882,0.555555555555556,0,0
0.25,0.285714285714286,"sep","sun",0.950967741935484,0.423845623707788,0.78902310308432,0.151515151515152,0.652733118971061,0.317647058823529,0.555555555555556,0,0
0.25,0.285714285714286,"sep","tue",0.847741935483871,0.249138525155066,0.778702943590946,0.0570409982174688,0.504823151125402,0.352941176470588,0.3,0,0
0.25,0.285714285714286,"sep","fri",0.975483870967742,0.289455547898001,0.802626949689222,0.283422459893048,0.565916398713826,0.411764705882353,0.555555555555556,0,0
0.25,0.285714285714286,"oct","sun",0.953548387096774,0.15644383184011,0.802040576990735,0.156862745098039,0.591639871382637,0.105882352941176,0.555555555555556,0,0
0.25,0.428571428571429,"mar","mon",0.889032258064516,0.176085458304618,0.112466283569837,0.089126559714795,0.218649517684887,0.4,0.2,0,0
0.25,0.428571428571429,"sep","fri",0.965161290322581,0.510682288077188,0.84519760759939,0.144385026737968,0.482315112540193,0.329411764705882,0.3,0,0
0.25,0.428571428571429,"oct","wed",0.938064516129032,0.126809097174363,0.780931159845198,0.0926916221033868,0.440514469453376,0.364705882352941,0.355555555555556,0,0
0.125,0.428571428571429,"oct","sun",0.953548387096774,0.15644383184011,0.802040576990735,0.156862745098039,0.42443729903537,0.235294117647059,0.0555555555555556,0,0
0.375,0.571428571428571,"feb","sat",0.638709677419355,0.0702963473466575,0.0929987099800633,0.0142602495543672,0.42443729903537,0.294117647058824,0.255555555555556,0,0
0.375,0.571428571428571,"mar","mon",0.883870967741936,0.0785665058580289,0.0666119385481412,0.0730837789661319,0.379421221864952,0.282352941176471,0.3,0,0
0.375,0.571428571428571,"mar","sun",0.910967741935484,0.172984148862853,0.110589890934678,0.171122994652406,0.270096463022508,0.364705882352941,0.5,0,0
0.375,0.571428571428571,"sep","thu",0.967741935483871,0.274982770503101,0.794300457370705,0.319073083778966,0.495176848874598,0.317647058823529,0.3,0,0
0.25,0.428571428571429,"mar","tue",0.895483870967742,0.0847691247415575,0.0700129001993667,0.0677361853832442,0.408360128617363,0.270588235294118,0.255555555555556,0,0
0.25,0.428571428571429,"aug","sat",0.965161290322581,0.476567884217781,0.687580626246042,0.361853832442068,0.495176848874598,0.435294117647059,0.6,0,0
0.25,0.571428571428571,"sep","sun",0.950967741935484,0.423845623707788,0.78902310308432,0.151515151515152,0.482315112540193,0.505882352941176,0.1,0,0
0.25,0.571428571428571,"sep","mon",0.931612903225806,0.432115782219159,0.795825026386771,0.124777183600713,0.430868167202572,0.6,0.3,0,0
1,1,"jul","tue",0.865806451612903,0.162646450723639,0.358273718775654,0.0695187165775401,0.508038585209003,0.317647058823529,0.255555555555556,0,0.000330020901323751
0,0.285714285714286,"sep","tue",0.932903225806452,0.442453480358374,0.802978773308315,0.124777183600713,0.627009646302251,0.270588235294118,0.2,0,0.000394191632136702
0.125,0.428571428571429,"sep","mon",0.931612903225806,0.432115782219159,0.795825026386771,0.124777183600713,0.633440514469453,0.282352941176471,0.155555555555556,0,0.000430860621172674
0,0,"aug","wed",0.990967741935484,0.340454858718125,0.59270552363082,0.235294117647059,0.678456591639871,0.188235294117647,0.455555555555555,0,0.000504198599244619
0.875,0.571428571428571,"aug","fri",0.921290322580645,0.368366643694004,0.612055822680896,0.222816399286988,0.610932475884244,0.423529411764706,0.944444444444444,0,0.000559202082798577
0,0,"jul","sat",0.92,0.172984148862853,0.338219772487393,0.155080213903743,0.463022508038585,0.447058823529412,0.555555555555556,0,0.000650874555388508
0.125,0.428571428571429,"aug","wed",0.990967741935484,0.340454858718125,0.59270552363082,0.235294117647059,0.694533762057878,0.2,0.555555555555556,0,0.000705878038942466
0.625,0.428571428571429,"aug","thu",0.987096774193548,0.450034458993797,0.669520347132637,0.185383244206774,0.810289389067524,0.0823529411764706,0.4,0,0.000825052253309376
0.5,0.285714285714286,"mar","mon",0.921290322580645,0.133011716057891,0.0922950627418787,0.110516934046346,0.353697749196141,0.294117647058824,0.555555555555556,0,0.000870888489604342
0.875,0.142857142857143,"sep","tue",0.847741935483871,0.249138525155066,0.778702943590946,0.0570409982174688,0.707395498392283,0.152941176470588,0.355555555555556,0,0.000880055736863335
0.125,0,"aug","tue",0.981935483870968,0.369400413507926,0.749618857745983,0.303030303030303,0.488745980707395,0.329411764705882,0.7,0,0.000980895456712259
0.875,0.571428571428571,"sep","thu",0.967741935483871,0.274982770503101,0.794300457370705,0.319073083778966,0.691318327974277,0.117647058823529,0.455555555555555,0,0.00102673169300722
0.625,0.428571428571429,"jun","fri",0.952258064516129,0.190558235699518,0.498885891872874,0.126559714795009,0.67524115755627,0.282352941176471,0.555555555555556,0,0.00109090242382018
1,1,"jul","sun",0.921290322580645,0.232598208132323,0.40729447636918,0.128342245989305,0.726688102893891,0.164705882352941,0.2,0,0.00124674562722306
0.25,0.285714285714286,"jul","sat",0.921290322580645,0.172639558924879,0.488096634220711,0.110516934046346,0.720257234726688,0.329411764705882,0.155555555555556,0,0.00131091635803601
0.5,0.285714285714286,"sep","fri",0.975483870967742,0.289455547898001,0.802626949689222,0.283422459893048,0.57556270096463,0.376470588235294,0.5,0,0.00133841809981299
0,0.428571428571429,"sep","sat",0.963870967741935,0.49724328049621,0.836753840741175,0.144385026737968,0.881028938906752,0.141176470588235,0.255555555555556,0,0.00133841809981299
0.75,0.285714285714286,"aug","sun",0.981935483870968,0.369400413507926,0.749618857745983,0.303030303030303,0.456591639871383,0.376470588235294,0.1,0,0.00143009057240292
0.125,0.285714285714286,"sep","sat",0.963870967741935,0.49724328049621,0.836753840741175,0.144385026737968,0.84887459807074,0.141176470588235,0.2,0,0.00147592680869788
0.125,0,"aug","wed",0.947096774193548,0.379393521709166,0.757828075524804,0.171122994652406,0.520900321543408,0.352941176470588,0.355555555555556,0,0.00149426130321587
0.125,0.285714285714286,"aug","wed",0.947096774193548,0.379393521709166,0.757828075524804,0.171122994652406,0.588424437299035,0.235294117647059,0.4,0,0.00150342855047486
0.75,0.285714285714286,"sep","fri",0.950967741935484,0.402481047553412,0.774129236542747,0.2174688057041,0.540192926045016,0.223529411764706,0.6,0,0.00154926478676983
0.75,0.285714285714286,"mar","mon",0.921290322580645,0.133011716057891,0.0922950627418787,0.110516934046346,0.446945337620579,0.164705882352941,0.3,0,0.00160426827032379
0.625,0.285714285714286,"aug","thu",0.987096774193548,0.450034458993797,0.669520347132637,0.185383244206774,0.581993569131833,0.305882352941176,0.4,0,0.00174177697920868
0.625,0.142857142857143,"mar","sat",0.927741935483871,0.168849069607167,0.108478949220124,0.13903743315508,0.418006430868167,0.188235294117647,0.9,0,0.00177844596824466
0.875,0.571428571428571,"sep","sat",0.952258064516129,0.413507925568573,0.781634807083382,0.153297682709447,0.501607717041801,0.482352941176471,0.155555555555556,0,0.00178761321550365
0.875,0.428571428571429,"sep","sun",0.916129032258065,0.306340454858718,0.816817168992612,0.0855614973262032,0.501607717041801,0.611764705882353,0.2,0,0.00184261669905761
0.625,0.428571428571429,"mar","thu",0.854193548387097,0.0589248793935217,0.0552363081974903,0.053475935828877,0.0996784565916399,0.647058823529412,0.455555555555555,0,0.00196179091342452
0.625,0.428571428571429,"aug","wed",0.947096774193548,0.379393521709166,0.757828075524804,0.171122994652406,0.463022508038585,0.376470588235294,0.0555555555555556,0,0.00209929962230941
0.625,0.428571428571429,"aug","wed",0.99741935483871,0.434183321847002,0.659786560337751,0.294117647058824,0.681672025723473,0.211764705882353,0.455555555555555,0,0.00230097906200726
0.625,0.428571428571429,"mar","fri",0.935483870967742,0.162646450723639,0.105429811187991,0.222816399286988,0.398713826366559,0.129411764705882,1,0,0.00231931355652525
0.875,0.571428571428571,"aug","thu",0.987096774193548,0.450034458993797,0.669520347132637,0.185383244206774,0.594855305466238,0.352941176470588,0.2,0,0.00233764805104323
0.5,0.285714285714286,"sep","wed",0.95741935483871,0.455547898001378,0.811187991087135,0.163992869875223,0.633440514469453,0.235294117647059,0.155555555555556,0,0.00235598254556122
0.875,0.571428571428571,"aug","wed",0.863225806451613,0.307718814610613,0.705640905359446,0.117647058823529,0.488745980707395,0.411764705882353,0.4,0,0.00246598951266914
0.75,0.285714285714286,"aug","sun",0.938064516129032,0.486905582356995,0.696024393104257,0.188948306595365,0.57556270096463,0.282352941176471,0.555555555555556,0,0.0025118257489641
0.375,0.285714285714286,"sep","mon",0.931612903225806,0.432115782219159,0.795825026386771,0.124777183600713,0.498392282958199,0.282352941176471,0.2,0,0.00281434490851087
0,0.285714285714286,"aug","sat",0.92258064516129,0.330117160578911,0.722762988155272,0.158645276292335,0.385852090032154,0.447058823529412,0.155555555555556,0,0.00320853654064757
0,0.285714285714286,"aug","sat",0.92258064516129,0.330117160578911,0.722762988155272,0.158645276292335,0.581993569131833,0.282352941176471,0.5,0,0.00415276300832386
0.625,0.428571428571429,"apr","thu",0.810322580645161,0.0275671950379049,0.0554708572768852,0.0481283422459893,0.115755627009646,0.458823529411765,0.6,0,0.00422610098639581
0.125,0.428571428571429,"aug","sun",0.92258064516129,0.339421088904204,0.730972205934092,0.112299465240642,0.546623794212219,0.341176470588235,0.255555555555556,0,0.00429943896446775
0.125,0.428571428571429,"sep","wed",0.921290322580645,0.281874569262578,0.853524099917908,0.110516934046346,0.517684887459807,0.352941176470588,0.2,0,0.00447361666238862
0.875,0.571428571428571,"aug","tue",0.904516129032258,0.503790489317712,0.711387357804621,0.160427807486631,0.392282958199357,0.6,0.555555555555556,0,0.00479447031645338
0,0.142857142857143,"sep","sun",0.950967741935484,0.423845623707788,0.78902310308432,0.151515151515152,0.697749196141479,0.2,0.7,0,0.00488614278904331
0.875,0.571428571428571,"oct","mon",0.854193548387097,0.109235010337698,0.769672804034244,0.053475935828877,0.543408360128617,0.2,0.4,0,0.00498698250889223
0.5,0.285714285714286,"feb","sun",0.878709677419355,0.0499655410062026,0.0473789140377624,0.0695187165775401,0.327974276527331,0.447058823529412,0.2,0,0.00584870375123758
0.75,0.285714285714286,"oct","mon",0.941935483870968,0.163335630599587,0.807083382197725,0.197860962566845,0.469453376205788,0.352941176470588,0.455555555555555,0,0.00626122987789227
0.875,0.571428571428571,"aug","fri",0.970322580645161,0.46381805651275,0.678785035768735,0.269162210338681,0.598070739549839,0.223529411764706,0.5,0,0.00638040409225918
0.125,0.428571428571429,"sep","tue",0.932903225806452,0.442453480358374,0.802978773308315,0.124777183600713,0.495176848874598,0.364705882352941,0.3,0,0.00645374207033112
0.875,0.571428571428571,"mar","sun",0.910967741935484,0.172984148862853,0.110589890934678,0.171122994652406,0.29903536977492,0.282352941176471,0.6,0,0.00659125077921602
0,0.428571428571429,"sep","mon",0.931612903225806,0.432115782219159,0.795825026386771,0.124777183600713,0.604501607717042,0.317647058823529,0.2,0,0.00669209049906494
0.625,0.285714285714286,"mar","sat",0.930322580645161,0.140592694693315,0.0955787498534068,0.140819964349376,0.356913183279743,0.317647058823529,0.0555555555555556,0,0.00678376297165487
0.75,0.285714285714286,"mar","sun",0.929032258064516,0.147829083390765,0.0990969860443298,0.0980392156862745,0.29903536977492,0.529411764705882,0.4,0,0.00755381174141029
0.625,0.428571428571429,"mar","fri",0.935483870967742,0.162646450723639,0.105429811187991,0.222816399286988,0.305466237942122,0.211764705882353,0.4,0,0.00761798247222324
0.125,0.428571428571429,"aug","thu",0.987096774193548,0.450034458993797,0.669520347132637,0.185383244206774,0.707395498392283,0.152941176470588,0.255555555555556,0,0.00795717062080598
0.125,0,"aug","tue",0.981935483870968,0.369400413507926,0.749618857745983,0.303030303030303,0.720257234726688,0.0823529411764706,0.455555555555555,0,0.00798467236258297
0.375,0.428571428571429,"sep","wed",0.95741935483871,0.455547898001378,0.811187991087135,0.163992869875223,0.710610932475884,0.117647058823529,0.4,0,0.00862637967071248
0.125,0,"aug","tue",0.981935483870968,0.369400413507926,0.749618857745983,0.303030303030303,0.720257234726688,0.0823529411764706,0.455555555555555,0,0.00917641450625206
0.125,0.428571428571429,"aug","fri",0.970322580645161,0.46381805651275,0.678785035768735,0.269162210338681,0.684887459807074,0.247058823529412,0.555555555555556,0,0.00918558175351106
0.625,0.428571428571429,"apr","thu",0.810322580645161,0.0275671950379049,0.0554708572768852,0.0481283422459893,0.115755627009646,0.458823529411765,0.6,0,0.0100198012540794
0.375,0.428571428571429,"sep","thu",0.95741935483871,0.468297725706409,0.81916265978656,0.163992869875223,0.620578778135048,0,0.0555555555555556,0,0.0101389754684463
0.25,0.285714285714286,"sep","tue",0.932903225806452,0.442453480358374,0.802978773308315,0.124777183600713,0.37620578778135,0.517647058823529,0.655555555555555,0,0.0103039859191082
0.125,0.285714285714286,"sep","mon",0.578064516129032,0.240179186767746,0.770962823970916,0.0142602495543672,0.655948553054662,0.270588235294118,0.355555555555556,0,0.0103773238971802
0,0.428571428571429,"sep","tue",0.932903225806452,0.442453480358374,0.802978773308315,0.124777183600713,0.62379421221865,0.211764705882353,0.2,0,0.010569836089619
0.625,0.428571428571429,"mar","sun",0.921290322580645,0.125775327360441,0.0888941010906532,0.128342245989305,0.327974276527331,0.458823529411765,0.355555555555556,0,0.0110923691833816
0.75,0.285714285714286,"feb","sun",0.841290322580645,0.0261888352860096,0.0283804386067785,0.0374331550802139,0.212218649517685,0.623529411764706,0.2,0,0.011963257672986
0.875,0.571428571428571,"oct","wed",0.938064516129032,0.126809097174363,0.780931159845198,0.0926916221033868,0.578778135048232,0.258823529411765,0.255555555555556,0,0.0125591287448205
0.5,0.571428571428571,"mar","sat",0.927741935483871,0.168849069607167,0.108478949220124,0.13903743315508,0.414790996784566,0.576470588235294,0.4,0,0.0128249789153313
0.375,0.428571428571429,"sep","thu",0.95741935483871,0.468297725706409,0.81916265978656,0.163992869875223,0.639871382636656,0.223529411764706,0.155555555555556,0,0.0133566792563529
0.125,0,"aug","sat",0.965161290322581,0.476567884217781,0.687580626246042,0.361853832442068,0.665594855305466,0.188235294117647,0.755555555555556,0,0.0141633970151443
0.75,0.428571428571429,"sep","tue",0.932903225806452,0.442453480358374,0.802978773308315,0.124777183600713,0.594855305466238,0.258823529411765,0.2,0,0.0157676652854681
0.625,0.428571428571429,"sep","fri",0.950967741935484,0.402481047553412,0.774129236542747,0.2174688057041,0.559485530546624,0.211764705882353,0.655555555555555,0,0.0176286164790437
0.875,0.142857142857143,"sep","thu",0.967741935483871,0.274982770503101,0.794300457370705,0.319073083778966,0.67524115755627,0.129411764705882,0.5,0,0.0214605258333028
0.375,0.285714285714286,"oct","sat",0.927741935483871,0.146795313576844,0.796294124545561,0.119429590017825,0.520900321543408,0.117647058823529,0.3,0,0.0222122401085402
0.75,0.285714285714286,"aug","sat",0.965161290322581,0.476567884217781,0.687580626246042,0.361853832442068,0.0932475884244373,0.952941176470588,0.6,0,0.023834842873382
0.75,0.285714285714286,"sep","fri",0.975483870967742,0.289455547898001,0.802626949689222,0.283422459893048,0.57556270096463,0.376470588235294,0.5,0,0.0239540170877489
0.75,0.142857142857143,"mar","mon",0.889032258064516,0.176085458304618,0.112466283569837,0.089126559714795,0.282958199356913,0.364705882352941,0.6,0,0.025072421253346
0.375,0.285714285714286,"mar","sat",0.941935483870968,0.119572708476912,0.0854931394394277,0.13903743315508,0.47588424437299,0.141176470588235,0.5,0,0.0262733306442741
0.375,0.285714285714286,"mar","sat",0.941935483870968,0.119572708476912,0.0854931394394277,0.13903743315508,0.47588424437299,0.141176470588235,0.5,0,0.0262733306442741
0.375,0.285714285714286,"sep","sun",0.950967741935484,0.423845623707788,0.78902310308432,0.151515151515152,0.472668810289389,0.529411764705882,0.1,0,0.0270250449195116
0,0.142857142857143,"sep","mon",0.901935483870968,0.312543073742247,0.82326726867597,0.126559714795009,0.327974276527331,0.682352941176471,0.655555555555555,0,0.027795093689267
0.375,0.428571428571429,"sep","wed",0.95741935483871,0.455547898001378,0.811187991087135,0.163992869875223,0.553054662379421,0.0470588235294118,0.1,0,0.029078508305526
0.625,0.428571428571429,"mar","mon",0.921290322580645,0.133011716057891,0.0922950627418787,0.110516934046346,0.418006430868167,0.141176470588235,0.3,0,0.0292068497671519
0.875,0.571428571428571,"aug","sun",0.92258064516129,0.339421088904204,0.730972205934092,0.112299465240642,0.45016077170418,0.517647058823529,0.3,0,0.0293993619595908
0.25,0.285714285714286,"sep","fri",0.96258064516129,0.482770503101309,0.827958250263868,0.24777183600713,0.527331189710611,0.4,0.355555555555556,0,0.0328920831652671
0.375,0.142857142857143,"mar","mon",0.889032258064516,0.176085458304618,0.112466283569837,0.089126559714795,0.282958199356913,0.364705882352941,0.6,0,0.0337813061493895
0.125,0,"jul","fri",0.898064516129032,0.514128187456926,0.354169109886244,0.121212121212121,0.360128617363344,0.752941176470588,0.355555555555556,0,0.0339371493527924
0.75,0.285714285714286,"sep","wed",0.921290322580645,0.281874569262578,0.853524099917908,0.110516934046346,0.42443729903537,0.494117647058824,0.455555555555555,0,0.0345696894136629
0.375,0.285714285714286,"sep","sun",0.965161290322581,0.510682288077188,0.84519760759939,0.144385026737968,0.665594855305466,0.282352941176471,0.5,0,0.0445069854424114
0.75,0.428571428571429,"oct","mon",0.941935483870968,0.163335630599587,0.807083382197725,0.197860962566845,0.446945337620579,0.341176470588235,0.4,0,0.0452586997176488
0.875,0.571428571428571,"aug","sat",0.948387096774194,0.278084079944866,0.554591298229154,0.212121212121212,0.57556270096463,0.223529411764706,0.455555555555555,0,0.0534450515199296
0.375,0.571428571428571,"sep","sun",0.965161290322581,0.510682288077188,0.84519760759939,0.144385026737968,0.839228295819936,0.129411764705882,0.3,0,0.0587620549301456
0.875,0.571428571428571,"aug","sat",0.948387096774194,0.278084079944866,0.554591298229154,0.212121212121212,0.456591639871383,0.329411764705882,0.4,0,0.0653624729566206
0.375,0.285714285714286,"sep","wed",0.95741935483871,0.455547898001378,0.811187991087135,0.163992869875223,0.778135048231511,0.0705882352941176,0.455555555555555,0,0.0811209709948297
0,0.428571428571429,"sep","sun",0.965161290322581,0.510682288077188,0.84519760759939,0.144385026737968,0.823151125401929,0.141176470588235,0.3,0,0.087253859411096
0.625,0.285714285714286,"sep","tue",0.932903225806452,0.442453480358374,0.802978773308315,0.124777183600713,0.530546623794212,0.329411764705882,0.255555555555556,0,0.0947801694107294
1,0.285714285714286,"sep","tue",0.847741935483871,0.249138525155066,0.778702943590946,0.0570409982174688,0.710610932475884,0.247058823529412,0.3,0,0.0968611345385208
0.375,0.428571428571429,"sep","sat",0.952258064516129,0.413507925568573,0.781634807083382,0.153297682709447,0.498392282958199,0.117647058823529,0.3,0,0.141982325547285
0.875,0.571428571428571,"aug","sun",0.938064516129032,0.486905582356995,0.696024393104257,0.188948306595365,0.559485530546624,0.305882352941176,0.6,0,0.180118074144696
0.125,0,"sep","sat",0.952258064516129,0.413507925568573,0.781634807083382,0.153297682709447,0.514469453376206,0.364705882352941,0.155555555555556,0,0.184206666422207
0,0,"sep","tue",0.932903225806452,0.442453480358374,0.802978773308315,0.124777183600713,0.533762057877814,0.294117647058824,0.2,0,0.195152359649444
0.625,0.428571428571429,"sep","sat",0.952258064516129,0.413507925568573,0.781634807083382,0.153297682709447,0.736334405144695,0.141176470588235,0.4,0,1
0.75,0.428571428571429,"apr","sun",0.815483870967742,0.00654720882150241,0,0.0623885918003565,0.360128617363344,0.705882352941177,0.155555555555556,0,0
0.625,0.142857142857143,"apr","wed",0.894193548387097,0.0554789800137836,0.0417497361322857,0.0677361853832442,0.418006430868167,0.423529411764706,0.255555555555556,0,0
0.375,0.285714285714286,"apr","fri",0.829677419354839,0.0764989662301861,0.0907704937258121,0.0409982174688057,0.466237942122186,0.0588235294117647,0.3,0,0
0.125,0.285714285714286,"aug","sun",0.974193548387097,0.417643004824259,0.682537821039052,0.229946524064171,0.42443729903537,0.6,0.4,0,0.00928642147335998
0.75,0.285714285714286,"aug","sun",0.943225806451613,0.599586492074431,0.812478011023807,0.245989304812834,0.633440514469453,0.682352941176471,0.8,0.15625,0
0.125,0.285714285714286,"aug","sun",0.943225806451613,0.599586492074431,0.812478011023807,0.245989304812834,0.64951768488746,0.458823529411765,0.8,0,0.00263099996333101
0.25,0.285714285714286,"aug","sun",0.943225806451613,0.599586492074431,0.812478011023807,0.245989304812834,0.790996784565916,0.270588235294118,0.655555555555555,0,0.000696710791683473
0.5,0.285714285714286,"aug","sun",0.943225806451613,0.599586492074431,0.812478011023807,0.245989304812834,0.755627009646302,0.282352941176471,0.555555555555556,0,8.25052253309376e-05
0.125,0.285714285714286,"aug","wed",0.948387096774194,0.311853893866299,0.581329893280169,0.171122994652406,0.594855305466238,0.647058823529412,0.2,0,0.00068754354442448
0.875,0.571428571428571,"aug","wed",0.96,0.538249483115093,0.77260466752668,0.240641711229947,0.852090032154341,0.152941176470588,0.255555555555556,0,0
0.25,0.285714285714286,"aug","wed",0.96,0.538249483115093,0.77260466752668,0.240641711229947,0.627009646302251,0.294117647058824,0,0,0.00226431007297129
0.875,0.428571428571429,"aug","wed",0.96,0.538249483115093,0.77260466752668,0.240641711229947,0.790996784565916,0.117647058823529,0.3,0,0.000623372813611529
0.875,0.428571428571429,"aug","wed",0.96,0.538249483115093,0.77260466752668,0.240641711229947,0.70096463022508,0.247058823529412,0.3,0,0.000220013934215834
0.625,0.428571428571429,"aug","wed",0.96,0.538249483115093,0.77260466752668,0.240641711229947,0.639871382636656,0.258823529411765,0.355555555555556,0,0.000192512192438854
0.75,0.285714285714286,"aug","thu",0.944516129032258,0.37250172294969,0.653922833352879,0.142602495543672,0.617363344051447,0.270588235294118,0.255555555555556,0,0.00139342158336695
0.625,0.142857142857143,"aug","thu",0.940645161290322,0.472088215024121,0.719831124662836,0.112299465240642,0.536977491961415,0.305882352941176,0.3,0,0.00947893366579883
0.125,0.428571428571429,"aug","thu",0.887741935483871,0.261543762922123,0.805558813181658,0.089126559714795,0.646302250803859,0.364705882352941,0.4,0,0
0.875,0.571428571428571,"aug","sat",0.974193548387097,0.400068917987595,0.672217661545678,0.196078431372549,0.697749196141479,0.305882352941176,0.2,0,0.00735213230171244
0.375,0.142857142857143,"aug","sat",0.974193548387097,0.400068917987595,0.672217661545678,0.196078431372549,0.617363344051447,0.341176470588235,0.255555555555556,0,0.000623372813611529
0.25,0.285714285714286,"aug","sat",0.943225806451613,0.585113714679531,0.802626949689222,0.244206773618538,0.591639871382637,0.517647058823529,0.0555555555555556,0,0
0.75,0.285714285714286,"aug","sat",0.943225806451613,0.585113714679531,0.802626949689222,0.244206773618538,0.691318327974277,0.294117647058824,0.155555555555556,0,0.00126508012174104
0.125,0.285714285714286,"aug","mon",0.966451612903226,0.333563059958649,0.626363316523983,0.25668449197861,0.839228295819936,0.2,0.4,0,0.00811301382420887
0.25,0.285714285714286,"aug","fri",0.940645161290322,0.383528600964852,0.662718423830186,0.158645276292335,0.289389067524116,0.811764705882353,0.8,0,0.00302519159546771
0.125,0.285714285714286,"aug","fri",0.940645161290322,0.383528600964852,0.662718423830186,0.158645276292335,0.617363344051447,0.317647058823529,0.3,0,0.00389608008507205
0.625,0.142857142857143,"aug","fri",0.934193548387097,0.482425913163336,0.728509440600446,0.126559714795009,0.54983922829582,0.282352941176471,0.355555555555556,0,0.00143009057240292
0.375,0.285714285714286,"aug","fri",0.975483870967742,0.573742246726396,0.793362261053125,0.231729055258467,0.630225080385852,0.447058823529412,0.3,0,0.00599537970738147
0.375,0.285714285714286,"aug","tue",0.967741935483871,0.348380427291523,0.636097103318869,0.260249554367201,0.639871382636656,0.458823529411765,0.8,0,0.000724212533460453
0.625,0.428571428571429,"aug","tue",0.975483870967742,0.450034458993797,0.702709041867011,0.404634581105169,0.553054662379421,0.470588235294118,0.4,0,0.000155843203402882
0.125,0,"aug","tue",0.947096774193548,0.522053756030324,0.762636331652398,0.254901960784314,0.691318327974277,0.105882352941176,0.3,0,0
0.25,0.285714285714286,"aug","tue",0.947096774193548,0.522053756030324,0.762636331652398,0.254901960784314,0.604501607717042,0.2,0.3,0,0
0.375,0.285714285714286,"aug","tue",0.947096774193548,0.522053756030324,0.762636331652398,0.254901960784314,0.543408360128617,0.447058823529412,0.255555555555556,0,0.00403358879395695
0.125,0,"aug","tue",0.947096774193548,0.522053756030324,0.762636331652398,0.254901960784314,0.630225080385852,0.482352941176471,0.3,0,0.00047669685746764
0.875,0.571428571428571,"aug","tue",0.947096774193548,0.522053756030324,0.762636331652398,0.254901960784314,0.57556270096463,0.505882352941176,0.455555555555555,0,0.00849803820908658
0.125,0.428571428571429,"aug","tue",0.947096774193548,0.522053756030324,0.762636331652398,0.254901960784314,0.578778135048232,0.376470588235294,0.4,0,0.00283267940302886
0.375,0.571428571428571,"dec","sun",0.847741935483871,0.0899379738111647,0.405300809194324,0.121212121212121,0.0836012861736334,0.494117647058824,0.9,0,0.00823218803857578
0.875,0.571428571428571,"dec","wed",0.84258064516129,0.0920055134390076,0.406590829130996,0.0944741532976827,0.0932475884244373,0.541176470588235,0.844444444444444,0,0.0102581496828132
0.375,0.571428571428571,"dec","thu",0.850322580645161,0.0871812543073742,0.403541691098862,0.035650623885918,0.0932475884244373,0.541176470588235,0.5,0,0.00493197902533827
0.375,0.285714285714286,"dec","mon",0.860645161290323,0.0837353549276361,0.400844376685822,0.0463458110516934,0.0771704180064309,0.0705882352941176,0.9,0,0.0163635363573026
0.25,0.285714285714286,"dec","mon",0.860645161290323,0.0837353549276361,0.400844376685822,0.0463458110516934,0.0771704180064309,0.0705882352941176,0.9,0,0.00983645630889956
0.375,0.285714285714286,"dec","mon",0.860645161290323,0.0837353549276361,0.400844376685822,0.0463458110516934,0.0771704180064309,0.0705882352941176,0.9,0,0.0201954457115617
0.375,0.285714285714286,"dec","mon",0.860645161290323,0.0837353549276361,0.400844376685822,0.0463458110516934,0.0771704180064309,0.0705882352941176,0.9,0,0.00895640057203623
0.375,0.571428571428571,"dec","fri",0.851612903225806,0.0882150241212957,0.404245338337047,0.0730837789661319,0,0.517647058823529,0.5,0,0.00849803820908658
0.625,0.428571428571429,"dec","tue",0.860645161290323,0.0837353549276361,0.400844376685822,0.0463458110516934,0.0932475884244373,0.105882352941176,0.9,0,0.0227072714605258
0.625,0.142857142857143,"feb","sun",0.854193548387097,0.0909717436250861,0.405300809194324,0.0606060606060606,0.0643086816720257,0.423529411764706,0.4,0,0
0.25,0.285714285714286,"feb","wed",0.88,0.0189524465885596,0.0126656502873226,0.0570409982174688,0.212218649517685,0.235294117647059,0.3,0,0.00100839719848924
0.5,0.285714285714286,"feb","fri",0.858064516129032,0.0130944176430048,0.0092646886360971,0.112299465240642,0.170418006430868,0.364705882352941,0.844444444444444,0,0.0222214073557992
0.125,0.428571428571429,"jul","sun",0.970322580645161,0.580978635423846,0.473671865837927,0.219251336898396,0.681672025723473,0.294117647058824,0.655555555555555,0,0
0.75,0.571428571428571,"jul","wed",0.935483870967742,0.627153687112336,0.504045971619561,0.222816399286988,0.334405144694534,0.882352941176471,0.8,0.03125,0
0.75,0.285714285714286,"jul","sat",0.940645161290322,0.355272226050999,0.547672100387006,0.160427807486631,0.639871382636656,0.4,0.255555555555556,0,0
0.75,0.285714285714286,"jul","sat",0.940645161290322,0.355272226050999,0.547672100387006,0.160427807486631,0.707395498392283,0.2,0.155555555555556,0,0
0.75,0.285714285714286,"jul","sat",0.940645161290322,0.355272226050999,0.547672100387006,0.160427807486631,0.710610932475884,0.176470588235294,0.155555555555556,0,0
0.125,0.428571428571429,"jul","sat",0.940645161290322,0.355272226050999,0.547672100387006,0.160427807486631,0.530546623794212,0.447058823529412,0.155555555555556,0,0
1,0.285714285714286,"jul","sat",0.940645161290322,0.355272226050999,0.547672100387006,0.160427807486631,0.742765273311897,0.282352941176471,0.0555555555555556,0,0.00733379780719446
0.375,0.428571428571429,"jul","fri",0.940645161290322,0.341488628532047,0.537586489973027,0.112299465240642,0.665594855305466,0.294117647058824,0.1,0,0.00242015327637417
0.75,0.571428571428571,"jul","tue",0.96,0.617849758787044,0.495954028380439,0.196078431372549,0.794212218649518,0.152941176470588,0.555555555555556,0,0.0792508525539951
0.875,0.571428571428571,"jul","tue",0.949677419354839,0.302205375603032,0.507798756889879,0.151515151515152,0.479099678456592,0.611764705882353,0.355555555555556,0,0.00602288144915845
0.75,0.428571428571429,"jun","sun",0.96,0.617849758787044,0.495954028380439,0.196078431372549,0.643086816720257,0.388235294117647,0.1,0,0
0.625,0.285714285714286,"jun","sun",0.925161290322581,0.304617505168849,0.331769672804034,0.114081996434938,0.389067524115756,0.364705882352941,0.155555555555556,0,0.000825052253309376
0.875,0.571428571428571,"jun","sun",0.925161290322581,0.304617505168849,0.331769672804034,0.114081996434938,0.42443729903537,0.352941176470588,0.2,0,0
0.875,0.571428571428571,"jun","wed",0.935483870967742,0.505513439007581,0.433094875102615,0.226381461675579,0.559485530546624,0.329411764705882,0.5,0,0
0.625,0.428571428571429,"jun","sat",0.447741935483871,0.240868366643694,0.264923185176498,0.0071301247771836,0.270096463022508,0.882352941176471,0.255555555555556,0,0
0.625,0.428571428571429,"jun","mon",0.925161290322581,0.317711922811854,0.340330714201947,0.133689839572193,0.594855305466238,0.117647058823529,0.5,0,0
0.625,0.428571428571429,"jun","mon",0.925161290322581,0.317711922811854,0.340330714201947,0.133689839572193,0.543408360128617,0.282352941176471,0.555555555555556,0,0.00322687103516556
0.25,0.571428571428571,"jun","fri",0.934193548387097,0.320468642315644,0.262929518001642,0.126559714795009,0.546623794212219,0.270588235294118,0.455555555555555,0,0
0.25,0.571428571428571,"jun","fri",0.934193548387097,0.320468642315644,0.262929518001642,0.126559714795009,0.546623794212219,0.270588235294118,0.455555555555555,0,0
0.625,0.428571428571429,"may","sat",0.856774193548387,0.0926946933149552,0.12419373753958,0.0623885918003565,0.292604501607717,0.929411764705882,0.5,0,0
0,0.285714285714286,"sep","sun",0.914838709677419,0.286009648518263,0.828427348422657,0.101604278074866,0.540192926045016,0.435294117647059,0.2,0,0
0.75,0.285714285714286,"sep","sun",0.914838709677419,0.286009648518263,0.828427348422657,0.101604278074866,0.479099678456592,0.447058823529412,0.555555555555556,0,0.000375857137618716
0.25,0.285714285714286,"sep","sun",0.914838709677419,0.286009648518263,0.828427348422657,0.101604278074866,0.694533762057878,0.235294117647059,0.355555555555556,0,0.00474863408015841
0.125,0.285714285714286,"sep","sun",0.950967741935484,0.36078566505858,0.879793596810132,0.176470588235294,0.443729903536978,0.352941176470588,0.155555555555556,0,0
0.125,0.285714285714286,"sep","sun",0.950967741935484,0.36078566505858,0.879793596810132,0.176470588235294,0.729903536977492,0.141176470588235,0.2,0,0
0.75,0.285714285714286,"sep","sun",0.950967741935484,0.36078566505858,0.879793596810132,0.176470588235294,0.742765273311897,0.141176470588235,0.255555555555556,0,0
0.625,0.142857142857143,"sep","sun",0.950967741935484,0.36078566505858,0.879793596810132,0.176470588235294,0.726688102893891,0.152941176470588,0.155555555555556,0,0.0130999963331011
0.125,0.285714285714286,"sep","sun",0.409032258064516,0.155410062026189,0.819397208865955,0.0071301247771836,0.321543408360129,0.741176470588235,0.655555555555555,0,0
0.625,0.428571428571429,"sep","wed",0.953548387096774,0.393866299104066,0.902075759352645,0.156862745098039,0.710610932475884,0.141176470588235,0.5,0,0
0.375,0.285714285714286,"sep","wed",0.953548387096774,0.393866299104066,0.902075759352645,0.156862745098039,0.562700964630225,0.305882352941176,0.155555555555556,0,0.00144842506692091
0.25,0.285714285714286,"sep","wed",0.935483870967742,0.460372157133012,0.949454673390407,0.128342245989305,0.52411575562701,0.176470588235294,0.255555555555556,0,0
0.375,0.428571428571429,"sep","thu",0.950967741935484,0.327705031013094,0.857863257886713,0.153297682709447,0.527331189710611,0.105882352941176,0.6,0,0
0.375,0.285714285714286,"sep","thu",0.950967741935484,0.327705031013094,0.857863257886713,0.153297682709447,0.546623794212219,0.105882352941176,0.5,0,0.00346521946389938
0.625,0.428571428571429,"sep","thu",0.956129032258064,0.406271536871123,0.90958132989328,0.133689839572193,0.62379421221865,0.141176470588235,0.2,0,0
0.5,0.285714285714286,"sep","thu",0.956129032258064,0.406271536871123,0.90958132989328,0.133689839572193,0.62379421221865,0.152941176470588,0.655555555555555,0,0.00404275604121594
0.625,0.142857142857143,"sep","thu",0.956129032258064,0.406271536871123,0.90958132989328,0.133689839572193,0.536977491961415,0.223529411764706,0.755555555555556,0,0.0314986615819002
0,0.285714285714286,"sep","thu",0.956129032258064,0.406271536871123,0.90958132989328,0.133689839572193,0.469453376205788,0.152941176470588,0.4,0,0.006609585273734
0.625,0.428571428571429,"sep","thu",0.956129032258064,0.406271536871123,0.90958132989328,0.133689839572193,0.469453376205788,0.152941176470588,0.4,0,0.0009258919731583
0.25,0.428571428571429,"sep","thu",0.929032258064516,0.467953135768436,0.955670223994371,0.121212121212121,0.344051446945338,0.282352941176471,0.255555555555556,0,0.00199845990246049
0.625,0.428571428571429,"sep","thu",0.895483870967742,0.179875947622329,0.843203940424534,0.0962566844919786,0.369774919614148,0.482352941176471,0.155555555555556,0,0.00405192328847494
0,0.285714285714286,"sep","sat",0.948387096774194,0.348725017229497,0.872053477190102,0.149732620320856,0.707395498392283,0.141176470588235,0.3,0,0
0.5,0.285714285714286,"sep","sat",0.948387096774194,0.348725017229497,0.872053477190102,0.149732620320856,0.704180064308682,0.141176470588235,0.3,0,0
0.625,0.428571428571429,"sep","sat",0.948387096774194,0.348725017229497,0.872053477190102,0.149732620320856,0.610932475884244,0.2,0.2,0,0
0.625,0.428571428571429,"sep","sat",0.948387096774194,0.348725017229497,0.872053477190102,0.149732620320856,0.562700964630225,0.235294117647059,0.155555555555556,0,0
0.375,0.142857142857143,"sep","sat",0.948387096774194,0.348725017229497,0.872053477190102,0.149732620320856,0.684887459807074,0.141176470588235,0.4,0,0.00305269333724469
0.25,0.142857142857143,"sep","sat",0.948387096774194,0.348725017229497,0.872053477190102,0.149732620320856,0.707395498392283,0.141176470588235,0.3,0,0.00603204869641744
0.75,0.285714285714286,"sep","sat",0.935483870967742,0.424879393521709,0.923419725577577,0.151515151515152,0.620578778135048,0.152941176470588,0.455555555555555,0,0.0143375747130652
0.375,0.285714285714286,"sep","sat",0.935483870967742,0.424879393521709,0.923419725577577,0.151515151515152,0.479099678456592,0.305882352941176,0.2,0,0.0102856514245902
0,0.285714285714286,"sep","mon",0.947096774193548,0.298414886285321,0.836402017122083,0.169340463458111,0.511254019292605,0.458823529411765,0.3,0,0.00195262366616552
0.125,0.142857142857143,"sep","mon",0.940645161290322,0.369745003445899,0.886712794652281,0.110516934046346,0.508038585209003,0.423529411764706,0.555555555555556,0,0
0.375,0.142857142857143,"sep","mon",0.940645161290322,0.369745003445899,0.886712794652281,0.110516934046346,0.244372990353698,0.835294117647059,0.155555555555556,0,0
0.75,0.285714285714286,"sep","mon",0.940645161290322,0.369745003445899,0.886712794652281,0.110516934046346,0.54983922829582,0.341176470588235,0.2,0,0
0.625,0.142857142857143,"sep","mon",0.940645161290322,0.369745003445899,0.886712794652281,0.110516934046346,0.668810289389068,0.223529411764706,0.2,0,0.0513732536393972
0.875,0.571428571428571,"sep","mon",0.940645161290322,0.369745003445899,0.886712794652281,0.110516934046346,0.659163987138264,0.235294117647059,0.2,0,0.00685710094972682
0.125,0.285714285714286,"sep","mon",0.940645161290322,0.369745003445899,0.886712794652281,0.110516934046346,0.585209003215434,0.305882352941176,0.155555555555556,0,0.00134758534707198
0.125,0.428571428571429,"sep","mon",0.940645161290322,0.369745003445899,0.886712794652281,0.110516934046346,0.54983922829582,0.341176470588235,0.2,0,0.00360272817278428
0.875,0.571428571428571,"sep","mon",0.944516129032258,0.381116471399035,0.894101090653219,0.115864527629234,0.434083601286174,0.423529411764706,0.2,0,0
0.625,0.142857142857143,"sep","mon",0.939354838709677,0.444521019986216,0.937258121261874,0.133689839572193,0.591639871382637,0.258823529411765,0.155555555555556,0,0
0.875,0.571428571428571,"sep","mon",0.939354838709677,0.444521019986216,0.937258121261874,0.133689839572193,0.440514469453376,0.423529411764706,0.455555555555555,0,0.00199845990246049
0.625,0.142857142857143,"sep","mon",0.939354838709677,0.444521019986216,0.937258121261874,0.133689839572193,0.321543408360129,0.6,0.5,0,0.00559202082798577
0.125,0,"sep","mon",0.939354838709677,0.444521019986216,0.937258121261874,0.133689839572193,0.469453376205788,0.329411764705882,0.3,0,0.00534450515199296
0,0.285714285714286,"sep","mon",0.939354838709677,0.444521019986216,0.937258121261874,0.133689839572193,0.614147909967846,0.235294117647059,0.2,0,0.0258424700231015
0.5,0.285714285714286,"sep","fri",0.947096774193548,0.337353549276361,0.864782455728861,0.171122994652406,0.254019292604502,0.705882352941177,0.355555555555556,0,0
0.25,0.285714285714286,"sep","fri",0.947096774193548,0.337353549276361,0.864782455728861,0.171122994652406,0.488745980707395,0.494117647058824,0.455555555555555,0,0
0.5,0.285714285714286,"sep","fri",0.947096774193548,0.337353549276361,0.864782455728861,0.171122994652406,0.340836012861736,0.576470588235294,0.355555555555556,0,0.00150342855047486
0.5,0.285714285714286,"sep","fri",0.947096774193548,0.337353549276361,0.864782455728861,0.171122994652406,0.254019292604502,0.705882352941177,0.355555555555556,0,0.00340104873308643
0.375,0.285714285714286,"sep","fri",0.947096774193548,0.337353549276361,0.864782455728861,0.171122994652406,0.42443729903537,0.447058823529412,0.655555555555555,0,0.00670125774632393
0.75,0.285714285714286,"sep","fri",0.947096774193548,0.337353549276361,0.864782455728861,0.171122994652406,0.591639871382637,0.329411764705882,0.355555555555556,0,0.00186095119357559
0.75,0.285714285714286,"sep","fri",0.947096774193548,0.337353549276361,0.864782455728861,0.171122994652406,0.565916398713826,0.376470588235294,0.255555555555556,0,0.00157676652854681
0.75,0.285714285714286,"sep","fri",0.947096774193548,0.337353549276361,0.864782455728861,0.171122994652406,0.530546623794212,0.411764705882353,0.2,0,0.00547284661361886
0.375,0.285714285714286,"sep","fri",0.947096774193548,0.337353549276361,0.864782455728861,0.171122994652406,0.598070739549839,0.235294117647059,0.5,0,0.011972424920245
0.375,0.285714285714286,"sep","fri",0.947096774193548,0.337353549276361,0.864782455728861,0.171122994652406,0.598070739549839,0.235294117647059,0.5,0,0.00115507315463313
0.625,0.142857142857143,"sep","fri",0.952258064516129,0.416609235010338,0.916852351354521,0.181818181818182,0.440514469453376,0.470588235294118,0.355555555555556,0,0
0.625,0.142857142857143,"sep","fri",0.952258064516129,0.416609235010338,0.916852351354521,0.181818181818182,0.562700964630225,0.282352941176471,0.255555555555556,0,0
0,0.285714285714286,"sep","fri",0.952258064516129,0.416609235010338,0.916852351354521,0.181818181818182,0.607717041800643,0.282352941176471,0.2,0,0.00744380477430237
0.625,0.428571428571429,"sep","fri",0.952258064516129,0.416609235010338,0.916852351354521,0.181818181818182,0.520900321543408,0.317647058823529,0.2,0,0.000999229951230245
0.375,0.142857142857143,"sep","fri",0.952258064516129,0.416609235010338,0.916852351354521,0.181818181818182,0.485530546623794,0.352941176470588,0.4,0,0.00361189542004327
0.75,0.285714285714286,"sep","fri",0.896774193548387,0.186423156443832,0.849536765568195,0.206773618538324,0.418006430868167,0.576470588235294,0.3,0,0.00047669685746764
0.375,0.142857142857143,"sep","tue",0.944516129032258,0.381116471399035,0.894101090653219,0.115864527629234,0.440514469453376,0.447058823529412,0.2,0,0.00268600344688497
0.625,0.428571428571429,"sep","tue",0.944516129032258,0.381116471399035,0.894101090653219,0.115864527629234,0.607717041800643,0.235294117647059,0.255555555555556,0,0.00517949470133108
0.625,0.428571428571429,"sep","tue",0.944516129032258,0.381116471399035,0.894101090653219,0.115864527629234,0.559485530546624,0.352941176470588,0.3,0,0.0183619962597631
0.375,0.428571428571429,"sep","tue",0.934193548387097,0.45210199862164,0.943121848246746,0.222816399286988,0.440514469453376,0.270588235294118,0.555555555555556,0,0.00160426827032379
0.375,0.428571428571429,"sep","tue",0.934193548387097,0.45210199862164,0.943121848246746,0.222816399286988,0.456591639871383,0.141176470588235,0.355555555555556,0,0
0.625,0.428571428571429,"sep","sat",0.935483870967742,0.321157822191592,0.863726984871584,0.149732620320856,0.469453376205788,0.376470588235294,0.5,0,0.0115874005353672
0.375,0.428571428571429,"sep","sun",0.932903225806452,0.948311509303928,0.958367538407412,0.126559714795009,0.372990353697749,0.729411764705882,0.8,0,0
0.75,0.285714285714286,"sep","sun",0.932903225806452,0.948311509303928,0.958367538407412,0.126559714795009,0.372990353697749,0.729411764705882,0.8,0,0.0101389754684463
0.25,0.285714285714286,"jul","wed",0.944516129032258,0.4565816678153,0.601149290489035,0.142602495543672,0.385852090032154,0.505882352941176,0.4,0,0
0.375,0.428571428571429,"aug","sun",0.945806451612903,0.696416264645072,0.770024627653336,0.144385026737968,0.263665594855305,0.705882352941177,0.0555555555555556,0,0
0.5,0.285714285714286,"aug","thu",0.981935483870968,0.762577532736044,0.810015245690161,0.24777183600713,0.581993569131833,0.317647058823529,0.255555555555556,0,0
0.625,0.428571428571429,"sep","fri",0.923870967741935,0.99552033080634,0.993784449396036,0.131907308377897,0.260450160771704,0.741176470588235,0.4,0,0.0167760624839573
0.625,0.428571428571429,"sep","sat",0.935483870967742,0.321157822191592,0.863726984871584,0.149732620320856,0.42443729903537,0.494117647058824,0.5,0,0.0360731179641377
0.875,0.571428571428571,"aug","mon",0.947096774193548,0.709510682288077,0.779523865368828,0.146167557932264,0.607717041800643,0.458823529411765,0.2,0,0
0.125,0,"aug","sat",0.967741935483871,0.792556857339766,0.829365544740237,0.149732620320856,0.633440514469453,0.317647058823529,0.2,0,0.160087638883796
0.625,0.428571428571429,"mar","thu",0.931612903225806,0.0613370089593384,0.026621320511317,0.142602495543672,0.209003215434084,0.423529411764706,0.6,0,0
0.375,0.428571428571429,"jan","sun",0,0,0.191743872405301,0,0.0964630225080386,1,0.0555555555555556,0,0
0.5,0.285714285714286,"jul","wed",0.967741935483871,0.345279117849759,0.528790899495719,0.212121212121212,0.54983922829582,0.282352941176471,0.755555555555556,0,0.00708628213120164
0.875,0.571428571428571,"aug","thu",0.929032258064516,0.665058580289456,0.744810601618389,0.121212121212121,0.45016077170418,0.564705882352941,0.255555555555556,0,0.0149701147739357
0.875,0.571428571428571,"aug","wed",0.987096774193548,0.746381805651275,0.799929635276182,0.320855614973262,0.836012861736334,0.164705882352941,0.155555555555556,0,0.00537200689376994
1,0.571428571428571,"aug","thu",0.940645161290322,0.852170916609235,0.874750791603143,0.112299465240642,0.588424437299035,0.505882352941176,0.255555555555556,0,0.0392999889993033
0.875,0.285714285714286,"aug","sat",0.940645161290322,0.939696760854583,0.951331066025566,0.137254901960784,0.614147909967846,0.341176470588235,0.455555555555555,0,0.0111657071614536
0.125,0.285714285714286,"aug","sun",0.940645161290322,0.620951068228808,0.709628239709159,0.135472370766488,0.601286173633441,0.411764705882353,0.2,0,0.0146675956143889
0.25,0.285714285714286,"sep","sun",0.926451612903226,0.329427980702964,0.870880731793128,0.203208556149733,0.591639871382637,0.470588235294118,0.555555555555556,0,0.022542261009864
0.5,0.428571428571429,"mar","thu",0.931612903225806,0.0613370089593384,0.026621320511317,0.142602495543672,0.302250803858521,0.388235294117647,0.555555555555556,0,0
0.625,0.285714285714286,"aug","fri",0.981935483870968,0.778428669882839,0.819514483405653,0.213903743315508,0.678456591639871,0.223529411764706,0.3,0,0.0263466686223461
0.75,0.285714285714286,"aug","fri",0.981935483870968,0.778428669882839,0.819514483405653,0.213903743315508,0.678456591639871,0.223529411764706,0.3,0,0
0.75,0.285714285714286,"feb","mon",0.851612903225806,0.0289455547898001,0.0591063680075056,0.0730837789661319,0.170418006430868,0.658823529411765,0.655555555555555,0,0.0091305782699571
0.875,0.571428571428571,"sep","fri",0.934193548387097,0.310820124052378,0.856338688870646,0.128342245989305,0.594855305466238,0.364705882352941,0.255555555555556,0,0.0276667522276411
0,0.142857142857143,"sep","sun",0.932903225806452,0.948311509303928,0.958367538407412,0.126559714795009,0.633440514469453,0.329411764705882,0.4,0,0.064867441604635
0.125,0.285714285714286,"mar","tue",0.963870967741935,0.0478980013783598,0.0207575935264454,0.203208556149733,0.418006430868167,0.0470588235294118,0.8,0,0
0.625,0.428571428571429,"feb","mon",0.843870967741935,0.0120606478290834,0.0455025214026035,0.0392156862745098,0.0996784565916399,0.623529411764706,0.155555555555556,0,0
0.375,0.428571428571429,"feb","sun",0.855483870967742,0.0272226050999311,0.0574645244517415,0.0623885918003565,0.254019292604502,0.552941176470588,0.155555555555556,0,0.0474680063070661
0.375,0.142857142857143,"sep","sun",0.926451612903226,0.329427980702964,0.870880731793128,0.203208556149733,0.585209003215434,0.470588235294118,0.5,0,0.00333687800227348
0.5,0.571428571428571,"aug","sun",0.940645161290322,0.620951068228808,0.709628239709159,0.135472370766488,0.710610932475884,0.211764705882353,0.355555555555556,0,0.00332771075501448
0,0,"aug","sat",0.967741935483871,0.792556857339766,0.829365544740237,0.149732620320856,0.762057877813505,0.2,0.3,0,0
1,0.428571428571429,"jun","wed",0.96258064516129,0.166781529979325,0.339861616043157,0.249554367201426,0.829581993569132,0.223529411764706,0.455555555555555,0,0
1,0.428571428571429,"jun","wed",0.96258064516129,0.166781529979325,0.339861616043157,0.249554367201426,0.829581993569132,0.223529411764706,0.455555555555555,0,0.00748047376333835
0.25,0.285714285714286,"sep","thu",0.934193548387097,0.30013783597519,0.848833118330011,0.14795008912656,0.662379421221865,0.364705882352941,0.4,0,0.00453778739320157
1,1,"aug","fri",0.981935483870968,0.778428669882839,0.819514483405653,0.213903743315508,0.733118971061093,0.247058823529412,0.4,0,0
0.875,0.571428571428571,"aug","thu",0.929032258064516,0.665058580289456,0.744810601618389,0.121212121212121,0.614147909967846,0.305882352941176,0.355555555555556,0,0
0.125,0.285714285714286,"sep","wed",0.892903225806452,0.28842177808408,0.84109299870998,0.0659536541889483,0.630225080385852,0.223529411764706,0.2,0,0.00553701734443181
0.125,0,"aug","tue",0.979354838709677,0.727084769124742,0.789257652163715,0.169340463458111,0.826366559485531,0.141176470588235,0.2,0,0
0.625,0.428571428571429,"sep","sat",0.88258064516129,1,1,0.071301247771836,0.47588424437299,0.611764705882353,0.5,0,0.00362106266730226
0.375,0.428571428571429,"feb","sat",0.851612903225806,0.0244658855961406,0.0552363081974903,0.0516934046345811,0.385852090032154,0.364705882352941,0.4,0,0
0.375,0.142857142857143,"sep","fri",0.923870967741935,0.99552033080634,0.993784449396036,0.131907308377897,0.569131832797428,0.341176470588235,0.3,0,0.00715045286201459
0,0.285714285714286,"jul","tue",0.949677419354839,0.327705031013094,0.51870528908174,0.215686274509804,0.681672025723473,0.188235294117647,0.555555555555556,0,0
0.625,0.142857142857143,"feb","fri",0.843870967741935,0.0213645761543763,0.0526562683241468,0.0481283422459893,0.401929260450161,0.317647058823529,0.255555555555556,0,0
0.75,0.285714285714286,"feb","fri",0.850322580645161,0.00723638869745004,0.0418670106719831,0.0588235294117647,0.192926045016077,0.447058823529412,1,0,0.0042352682336548
1,0.285714285714286,"jul","mon",0.949677419354839,0.313576843556168,0.509206051366248,0.174688057040998,0.662379421221865,0.141176470588235,0.455555555555555,0,0.00149426130321587
0.75,0.428571428571429,"aug","sat",0.967741935483871,0.792556857339766,0.829365544740237,0.149732620320856,0.778135048231511,0.211764705882353,0.355555555555556,0,0
0.5,0.285714285714286,"aug","sun",0.966451612903226,0.806340454858718,0.838747507916031,0.180035650623886,0.704180064308682,0.411764705882353,0.4,0,0
0.875,0.571428571428571,"aug","thu",0.981935483870968,0.762577532736044,0.810015245690161,0.24777183600713,0.813504823151125,0.141176470588235,0.5,0,0.684133328444135
0.625,0.142857142857143,"jul","tue",0.954838709677419,0.561681598897312,0.666002110941714,0.158645276292335,0.77491961414791,0.282352941176471,0.3,0,0.00643540757581313
0.625,0.428571428571429,"mar","wed",0.963870967741935,0.0558235699517574,0.0239240060982761,0.176470588235294,0.372990353697749,0.105882352941176,0.6,0,0
0.125,0.285714285714286,"aug","sun",0.945806451612903,0.696416264645072,0.770024627653336,0.144385026737968,0.729903536977492,0.317647058823529,0.555555555555556,0,0.00223680833119431
0.125,0.428571428571429,"aug","sun",0.940645161290322,0.620951068228808,0.709628239709159,0.135472370766488,0.726688102893891,0.247058823529412,0.4,0,0.00279601041399289
0.875,0.857142857142857,"aug","wed",0.941935483870968,0.655754651964163,0.736484109299871,0.13903743315508,0.771704180064309,0.247058823529412,0.455555555555555,0,0.170290785083055
0.125,0.285714285714286,"aug","wed",0.987096774193548,0.746381805651275,0.799929635276182,0.320855614973262,0.919614147909968,0.0470588235294118,0.455555555555555,0,0
0.875,0.571428571428571,"jul","sun",0.905806451612903,0.902825637491385,0.924123372815762,0.0926916221033868,0.871382636655949,0.141176470588235,0.355555555555556,0,0.00577536577316563
0,0.142857142857143,"sep","sat",0.935483870967742,0.321157822191592,0.863726984871584,0.149732620320856,0.646302250803859,0.388235294117647,0.4,0,0.000660041802647501
0.875,0.571428571428571,"aug","sat",0.967741935483871,0.792556857339766,0.829365544740237,0.149732620320856,0.794212218649518,0.188235294117647,0.355555555555556,0,0.00454695464046056
0.125,0,"aug","thu",0.940645161290322,0.852170916609235,0.874750791603143,0.112299465240642,0.585209003215434,0.482352941176471,0.2,0,0
0.875,0.571428571428571,"aug","thu",0.940645161290322,0.852170916609235,0.874750791603143,0.112299465240642,0.585209003215434,0.482352941176471,0.2,0,0
0.125,0.285714285714286,"aug","mon",0.947096774193548,0.709510682288077,0.779523865368828,0.146167557932264,0.826366559485531,0.211764705882353,0.2,0,0.00215430310586337
0,0.142857142857143,"aug","thu",0.981935483870968,0.762577532736044,0.810015245690161,0.24777183600713,0.771704180064309,0.223529411764706,0.6,0,0
0.25,0.285714285714286,"aug","sun",0.940645161290322,0.620951068228808,0.709628239709159,0.135472370766488,0.720257234726688,0.341176470588235,0.4,0,0.00293351912287778
0.75,0.285714285714286,"sep","thu",0.916129032258065,0.985871812543074,0.98674797701419,0.121212121212121,0.553054662379421,0.352941176470588,0.355555555555556,0,0
0,0.142857142857143,"aug","sat",0.947096774193548,0.609579600275672,0.700598100152457,0.171122994652406,0.678456591639871,0.294117647058824,0.4,0,0.00583036925671959
0.875,0.571428571428571,"aug","thu",0.981935483870968,0.762577532736044,0.810015245690161,0.24777183600713,0.697749196141479,0.270588235294118,0.7,0,0
0.125,0.285714285714286,"aug","sun",0.966451612903226,0.806340454858718,0.838747507916031,0.180035650623886,0.601286173633441,0.6,0.5,0,0.0140625572952954
0,0.285714285714286,"aug","fri",0.927741935483871,0.925913163335631,0.942066377389469,0.0980392156862745,0.643086816720257,0.352941176470588,0.355555555555556,0,0
0.125,0.428571428571429,"jul","sat",0.930322580645161,0.288077188146106,0.432391227864431,0.0998217468805704,0.694533762057878,0.423529411764706,0.155555555555556,0,0
0.875,0.571428571428571,"aug","mon",0.947096774193548,0.709510682288077,0.779523865368828,0.146167557932264,0.790996784565916,0.235294117647059,0.1,0,0.000495031351985626
0.875,0.571428571428571,"aug","sat",0.912258064516129,0.870089593383873,0.891872874398968,0.172905525846702,0.385852090032154,0.682352941176471,0.255555555555556,0,0
0.125,0.428571428571429,"aug","sat",0.967741935483871,0.792556857339766,0.829365544740237,0.149732620320856,0.688102893890675,0.447058823529412,0.4,0,0.00589453998753254
0,0.142857142857143,"sep","fri",0.934193548387097,0.310820124052378,0.856338688870646,0.128342245989305,0.543408360128617,0.364705882352941,0.2,0,0.000302519159546771
0.5,0.285714285714286,"sep","fri",0.923870967741935,0.99552033080634,0.993784449396036,0.131907308377897,0.45016077170418,0.505882352941176,0.355555555555556,0,0
0.875,0.571428571428571,"aug","mon",0.947096774193548,0.709510682288077,0.779523865368828,0.146167557932264,0.7491961414791,0.164705882352941,0.155555555555556,0,0.00112757141285615
0.625,0.428571428571429,"apr","mon",0.892903225806452,0.0820124052377671,0.0395215198780345,0.0659536541889483,0.279742765273312,0.576470588235294,0.3,0,0.00307102783176268
0,0,"jul","fri",0.929032258064516,0.274982770503101,0.422657441069544,0.299465240641711,0.405144694533762,0.741176470588235,0.844444444444444,0,0
0.125,0.428571428571429,"sep","fri",0.923870967741935,0.99552033080634,0.993784449396036,0.131907308377897,0.45016077170418,0.505882352941176,0.355555555555556,0,0.0091305782699571
0.5,0.428571428571429,"aug","sun",0.971612903225806,0.161268090971744,0.108830772839217,0.190730837789661,0.485530546623794,0.764705882352941,0.455555555555555,0,0
0.625,0.428571428571429,"aug","sun",0.945806451612903,0.696416264645072,0.770024627653336,0.144385026737968,0.543408360128617,0.647058823529412,0.2,0,0
0.25,0.285714285714286,"mar","wed",0.963870967741935,0.0558235699517574,0.0239240060982761,0.176470588235294,0.215434083601286,0.235294117647059,0.844444444444444,0,0
0.75,0.285714285714286,"sep","wed",0.916129032258065,0.977946243969676,0.980532426410226,0.180035650623886,0.266881028938907,0.729411764705882,0.4,0,0
0.75,0.285714285714286,"aug","sun",0.940645161290322,0.620951068228808,0.709628239709159,0.135472370766488,0.54983922829582,0.541176470588235,0.5,0,0
0.375,0.428571428571429,"aug","wed",0.987096774193548,0.746381805651275,0.799929635276182,0.320855614973262,0.681672025723473,0.4,0.555555555555556,0,0.00589453998753254
0,0.285714285714286,"aug","fri",0.926451612903226,0.674362508614749,0.752902544857511,0.290552584670232,0.308681672025724,0.858823529411765,0.5,0,0.00890139708848227
0.75,0.285714285714286,"aug","mon",0.939354838709677,0.817022742935906,0.847543098393339,0.133689839572193,0.498392282958199,0.588235294117647,0.4,0,0
0.375,0.428571428571429,"aug","thu",0.912258064516129,0.913507925568573,0.932801688753372,0.0998217468805704,0.488745980707395,0.458823529411765,0.3,0,0
0.25,0.285714285714286,"aug","thu",0.940645161290322,0.852170916609235,0.874750791603143,0.112299465240642,0.469453376205788,0.482352941176471,0.3,0,0
0.25,0.285714285714286,"jul","mon",0.979354838709677,0.547553411440386,0.655916500527735,0.297682709447415,0.504823151125402,0.388235294117647,0.255555555555556,0,0
0.125,0.285714285714286,"aug","thu",0.940645161290322,0.852170916609235,0.874750791603143,0.112299465240642,0.463022508038585,0.517647058823529,0.255555555555556,0,0
0,0.285714285714286,"aug","wed",0.941935483870968,0.655754651964163,0.736484109299871,0.13903743315508,0.569131832797428,0.411764705882353,0.4,0,0.0758589710681677
0.875,0.571428571428571,"aug","sat",0.967741935483871,0.792556857339766,0.829365544740237,0.149732620320856,0.536977491961415,0.576470588235294,0.5,0,0.0030435260899857
0.75,0.285714285714286,"aug","sat",0.940645161290322,0.939696760854583,0.951331066025566,0.137254901960784,0.427652733118971,0.670588235294118,0.844444444444444,0,0.00177844596824466
0.125,0.428571428571429,"aug","sat",0.967741935483871,0.792556857339766,0.829365544740237,0.149732620320856,0.536977491961415,0.576470588235294,0.5,0,0
0.875,0.571428571428571,"aug","sat",0.967741935483871,0.792556857339766,0.829365544740237,0.149732620320856,0.536977491961415,0.576470588235294,0.5,0,0
0,0.285714285714286,"sep","sun",0.932903225806452,0.948311509303928,0.958367538407412,0.126559714795009,0.395498392282958,0.717647058823529,0.8,0,0.00340104873308643
0.625,0.428571428571429,"feb","tue",0.727741935483871,0.0113714679531358,0.00973378679488683,0.0338680926916221,0.0771704180064309,0.788235294117647,0.655555555555555,0,0.00494114627259726
0.625,0.285714285714286,"feb","tue",0.727741935483871,0.0113714679531358,0.00973378679488683,0.0338680926916221,0.0932475884244373,0.729411764705882,0.555555555555556,0,0.00196179091342452
0.125,0,"feb","sat",0.784516129032258,0.00861474844934528,0.00867831593760995,0.0320855614973262,0.0771704180064309,0.517647058823529,0.0555555555555556,0,0.00627039712515126
0.625,0.428571428571429,"mar","mon",0.883870967741936,0.0482425913163336,0.0340096165122552,0.126559714795009,0.257234726688103,0.352941176470588,0.6,0,0.0029151846283598
0.25,0.285714285714286,"mar","wed",0.92258064516129,0.0599586492074431,0.0389351471795473,0.130124777183601,0.289389067524116,0.305882352941176,0.555555555555556,0,0.00508782222874115
0.625,0.428571428571429,"mar","thu",0.936774193548387,0.0671950379048932,0.0417497361322857,0.151515151515152,0.356913183279743,0.141176470588235,0.355555555555556,0,0.00605955043819442
0.625,0.142857142857143,"apr","sun",0.932903225806452,0.0465196416264645,0.0207575935264454,0.219251336898396,0.369774919614148,0.211764705882353,1,0,0.0560393824942246
0.5,0.285714285714286,"apr","sun",0.932903225806452,0.0465196416264645,0.0207575935264454,0.219251336898396,0.495176848874598,0.141176470588235,0.6,0,0
0.375,0.142857142857143,"may","fri",0.914838709677419,0.0837353549276361,0.07716664712091,0.101604278074866,0.508038585209003,0.294117647058824,0.4,0,0.0352755674526053
0.875,0.142857142857143,"jun","mon",0.896774193548387,0.327705031013094,0.259294007271021,0.0837789661319073,0.389067524115756,0.752941176470588,0.4,0,0.00177844596824466
1,0.285714285714286,"jun","sat",0.926451612903226,0.206753962784287,0.286970798639615,0.167557932263815,0.717041800643087,0.411764705882353,0.3,0,0.0644640827252393
0.375,0.142857142857143,"jun","thu",0.958709677419355,0.353893866299104,0.362143778585669,0.192513368983957,0.778135048231511,0.235294117647059,0.255555555555556,0,0.00924058523706501
0.125,0.428571428571429,"jun","thu",0.967741935483871,0.415575465196416,0.401430749384309,0.320855614973262,0.659163987138264,0.294117647058824,1,0,0.00292435187561879
0.375,0.142857142857143,"jul","thu",0.965161290322581,0.290144727773949,0.453969743168758,0.176470588235294,0.803858520900322,0.152941176470588,0.1,0,0.00161343551758278
0.375,0.142857142857143,"jul","sun",0.967741935483871,0.345279117849759,0.487275712442829,0.262032085561497,0.768488745980707,0.352941176470588,0.4,0,0.0067470939826189
0.75,0.285714285714286,"jul","sun",0.967741935483871,0.345279117849759,0.487275712442829,0.262032085561497,0.514469453376206,0.788235294117647,0.455555555555555,0,0.00202596164423747
0.75,0.285714285714286,"jul","mon",0.909677419354839,0.354238456237078,0.496892224698018,0.114081996434938,0.655948553054662,0.494117647058824,0.5,0,0.255335337904734
1,1,"jul","thu",0.961290322580645,0.390420399724328,0.64747273366952,0.169340463458111,0.90032154340836,0.117647058823529,0.455555555555555,0,0.00252099299622309
0.375,0.142857142857143,"jul","thu",0.961290322580645,0.390420399724328,0.64747273366952,0.169340463458111,0.90032154340836,0.0823529411764706,0.5,0,0
0.25,0.285714285714286,"aug","sun",0.983225806451613,0.445210199862164,0.679254133927524,0.251336898395722,0.681672025723473,0.294117647058824,0.6,0,0.00118257489641011
0.875,0.571428571428571,"aug","sun",0.983225806451613,0.445210199862164,0.679254133927524,0.251336898395722,0.92604501607717,0.141176470588235,0.555555555555556,0,0
0.125,0.428571428571429,"aug","sun",0.983225806451613,0.445210199862164,0.679254133927524,0.251336898395722,0.993569131832798,0.117647058823529,0.4,0,0.0242290345055187
0.125,0.285714285714286,"aug","mon",0.984516129032258,0.463128876636802,0.690043391579688,0.379679144385027,0.913183279742765,0.152941176470588,0.355555555555556,0,0.00189762018261157
0.5,0.285714285714286,"aug","tue",0.985806451612903,0.483115093039283,0.701184472850944,0.315508021390374,0.704180064308682,0.329411764705882,0.655555555555555,0,0.00183344945179861
0.5,0.285714285714286,"aug","tue",0.985806451612903,0.483115093039283,0.701184472850944,0.315508021390374,0.778135048231511,0.223529411764706,0.355555555555556,0,0.0150342855047486
0.375,0.285714285714286,"aug","tue",0.985806451612903,0.483115093039283,0.701184472850944,0.315508021390374,0.553054662379421,0.658823529411765,0.8,0,0.0428110446994976
0.375,0.285714285714286,"aug","wed",0.985806451612903,0.483115093039283,0.701184472850944,0.315508021390374,0.591639871382637,0.505882352941176,0.1,0,0
0.375,0.285714285714286,"aug","wed",0.985806451612903,0.483115093039283,0.701184472850944,0.315508021390374,0.852090032154341,0.211764705882353,0.4,0,0
0.375,0.285714285714286,"aug","thu",0.994838709677419,0.519986216402481,0.722645713615574,0.245989304812834,0.971061093247588,0.0705882352941176,0.455555555555555,0,0
0,0.142857142857143,"aug","fri",0.996129032258065,0.54066161268091,0.73378679488683,0.201426024955437,0.971061093247588,0.141176470588235,0.2,0,0
0,0.142857142857143,"aug","fri",0.996129032258065,0.54066161268091,0.73378679488683,0.201426024955437,0.813504823151125,0.164705882352941,0.455555555555555,0,0.039712515125958
0.625,0.571428571428571,"aug","sat",0.99741935483871,0.561337008959338,0.744810601618389,0.249554367201426,0.919614147909968,0.176470588235294,0.5,0,0.00787466539547505
0.625,0.571428571428571,"aug","mon",1,0.600964851826327,0.766858215081506,0.299465240641711,0.697749196141479,0.317647058823529,0.2,0,0
0.375,0.428571428571429,"aug","mon",1,0.600964851826327,0.766858215081506,0.299465240641711,0.977491961414791,0.129411764705882,0.3,0,0.00253932749074108
0.25,0.285714285714286,"aug","tue",0.998709677419355,0.62026188835286,0.777882021813064,0.254901960784314,0.967845659163987,0.141176470588235,0.2,0,0.0134575189762018
0.625,0.428571428571429,"aug","tue",0.998709677419355,0.62026188835286,0.777882021813064,0.254901960784314,1,0.129411764705882,0.255555555555556,0,0.0371640203879579
0.75,0.428571428571429,"aug","tue",0.998709677419355,0.62026188835286,0.777882021813064,0.254901960784314,0.807073954983923,0.564705882352941,0.5,1,0.0099189615342305
0.875,0.571428571428571,"aug","tue",0.998709677419355,0.62026188835286,0.777882021813064,0.254901960784314,0.62379421221865,0.588235294117647,0.5,0.125,0
0.75,0.428571428571429,"aug","tue",0.998709677419355,0.62026188835286,0.777882021813064,0.254901960784314,0.62379421221865,0.588235294117647,0.5,0.125,0
0.375,0.285714285714286,"aug","tue",0.998709677419355,0.62026188835286,0.777882021813064,0.254901960784314,0.594855305466238,0.635294117647059,0.5,0.0625,0
0.125,0.285714285714286,"aug","wed",0.978064516129032,0.476567884217781,0.798874164418905,0.35650623885918,0.868167202572347,0.176470588235294,0.5,0,0.00178761321550365
0.375,0.142857142857143,"aug","wed",0.978064516129032,0.476567884217781,0.798874164418905,0.35650623885918,0.858520900321543,0.164705882352941,0.5,0,0.0454603791573466
0,0,"aug","thu",0.932903225806452,0.558580289455548,0.863726984871584,0.180035650623886,0.787781350482315,0.235294117647059,0.155555555555556,0,0.00531700341021598
0,0,"aug","fri",0.932903225806452,0.571330117160579,0.873343497126774,0.126559714795009,0.52411575562701,0.682352941176471,0.9,0,0
0.125,0.285714285714286,"aug","fri",0.932903225806452,0.571330117160579,0.873343497126774,0.126559714795009,0.762057877813505,0.305882352941176,0.355555555555556,0,0
0,0,"aug","fri",0.932903225806452,0.571330117160579,0.873343497126774,0.126559714795009,0.762057877813505,0.305882352941176,0.355555555555556,0,0
0.5,0.285714285714286,"aug","fri",0.932903225806452,0.571330117160579,0.873343497126774,0.126559714795009,0.607717041800643,0.658823529411765,0.8,0.21875,0.0019892926552015
0.625,0.428571428571429,"aug","fri",0.932903225806452,0.571330117160579,0.873343497126774,0.126559714795009,0.514469453376206,0.552941176470588,0.555555555555556,0,0.000394191632136702
0.875,0.571428571428571,"aug","sun",0.811612903225806,0.191592005513439,0.771314647590008,0.0338680926916221,0.823151125401929,0.235294117647059,0.255555555555556,0,0
0.375,0.142857142857143,"aug","sun",0.811612903225806,0.191592005513439,0.771314647590008,0.0338680926916221,0.823151125401929,0.2,0.255555555555556,0,0.00590370723479154
0.125,0.285714285714286,"aug","sun",0.811612903225806,0.191592005513439,0.771314647590008,0.0338680926916221,0.633440514469453,0.658823529411765,0.6,0,0.0497689853690734
0.75,0.285714285714286,"aug","sun",0.811612903225806,0.191592005513439,0.771314647590008,0.0338680926916221,0.610932475884244,0.647058823529412,0.7,0,0.0102306479410363
0,0.285714285714286,"aug","sat",0.976774193548387,0.499310820124052,0.711621906884015,0.201426024955437,0.752411575562701,0.317647058823529,0.4,0,0
0.625,0.142857142857143,"nov","tue",0.784516129032258,0.00654720882150241,0.115867245221062,0.0196078431372549,0.308681672025724,0.188235294117647,0.455555555555555,0,0
